condition,eta,delta,num_episodes,num_cases,cutting_error_volume_mean,cutting_error_volume_std,cutting_error_volume_sem,episode_cumulative_normalized_cutting_error_rate_mean,episode_cumulative_normalized_cutting_error_rate_std,episode_cumulative_normalized_cutting_error_rate_sem,part_remaining_rate_mean,part_remaining_rate_std,part_remaining_rate_sem,part_occupancy_rate_mean,part_occupancy_rate_std,part_occupancy_rate_sem,num_steps_with_shift_mean,mean_abs_sampled_shift_mean,mean_abs_applied_shift_mean,max_abs_sampled_shift_mean,max_abs_applied_shift_mean
eta_0p0_delta_0,0.0,0,18,3,0.0,0.0,0.0,0.0,0.0,0.0,100.0,0.0,0.0,24.61904744348073,4.715431452730359,1.1114378521486568,0.0,0.0,0.0,0.0,0.0
eta_0p0_delta_1,0.0,1,18,3,5.0,10.632912278835548,2.5062014587087744,14.814814814814813,31.642864578319372,7.458294706499078,43.75,42.497837315216266,10.016836317117376,41.371879432095334,40.13104843679162,9.458978828593718,3.611111111111111,0.6666666666666666,0.4513888888888889,1.0,1.0
eta_0p0_delta_2,0.0,2,18,3,9.166666666666666,16.47904194816591,3.8841474363352306,26.38888888888889,53.263587974540066,12.55434808237451,18.055555555555557,23.176997273468775,5.462870646537298,57.56376826407479,48.000277854197115,11.313773989847082,4.444444444444445,1.2152777777777777,0.7986111111111112,1.9444444444444444,1.8888888888888888
eta_0p5_delta_0,0.5,0,18,3,0.0,0.0,0.0,0.0,0.0,0.0,100.0,0.0,0.0,42.30555505234955,12.728082361859915,3.0000377831906784,0.0,0.0,0.0,0.0,0.0
eta_0p5_delta_1,0.5,1,18,3,2.7777777777777777,6.966774555877224,1.6420845104862278,10.648148148148145,27.977225149894196,6.594295207424337,56.94444444444444,41.24789556921527,9.722222222222221,42.10128393939782,28.611643194171783,6.7438289744962665,3.4444444444444446,0.6666666666666666,0.4305555555555556,1.0,1.0
eta_0p5_delta_2,0.5,2,18,3,9.61111111111111,17.73377929558658,4.179891865324956,28.240740740740737,58.167754420477564,13.710271199037821,12.962962962962962,24.954570196879086,5.8818486026029735,28.51851631738701,45.721835398233175,10.776739952795271,4.388888888888889,1.2152777777777777,0.7916666666666666,1.9444444444444444,1.8888888888888888
eta_1p0_delta_0,1.0,0,18,3,5.0,9.707486498452988,2.288076510444321,13.425925925925924,25.26637320838314,5.955341277212608,33.333333333333336,26.19684159977919,6.174654780291237,19.50757435819499,22.336205690338844,5.264694169872049,0.0,0.0,0.0,0.0,0.0
eta_1p0_delta_1,1.0,1,18,3,4.333333333333333,12.314506032461448,2.9025569075053794,10.648148148148147,27.683664096481635,6.525102203570908,36.111111111111114,31.571063113930624,7.441370939042942,6.55934339103093,5.278147756390784,1.2440713568828285,3.388888888888889,0.6666666666666666,0.4236111111111111,1.0,1.0
eta_1p0_delta_2,1.0,2,18,3,12.0,24.350383497402834,5.739440431835515,30.09259259259259,56.60167040140674,13.341141655773535,0.0,0.0,0.0,0.0,0.0,0.0,4.222222222222222,1.2152777777777777,0.7569444444444444,1.9444444444444444,1.8888888888888888
